Scenario Name,Heap Size,Concurrent Users,Message Size (Bytes),Response Size (Bytes),Back-end Service Delay (ms),Label,# Samples,Error Count,Error %,Throughput (Requests/sec),Average Response Time (ms),Average Users in the System,Standard Deviation of Response Time (ms),Minimum Response Time (ms),Maximum Response Time (ms),75th Percentile of Response Time (ms),90th Percentile of Response Time (ms),95th Percentile of Response Time (ms),98th Percentile of Response Time (ms),99th Percentile of Response Time (ms),99.9th Percentile of Response Time (ms),Received (KB/sec),Sent (KB/sec),WSO2 API Manager AI API GC Throughput (%),WSO2 API Manager AI API Memory Footprint (M),Average WSO2 API Manager AI API Memory Footprint After Full GC (M),Standard Deviation of WSO2 API Manager AI API Memory Footprint After Full GC (M),Netty Service GC Throughput (%),Netty Service Memory Footprint (M),Average Netty Service Memory Footprint After Full GC (M),Standard Deviation of Netty Service Memory Footprint After Full GC (M),JMeter Client GC Throughput (%),JMeter Client Memory Footprint (M),Average JMeter Client Memory Footprint After Full GC (M),Standard Deviation of JMeter Client Memory Footprint After Full GC (M),WSO2 API Manager AI API - Run queue length,WSO2 API Manager AI API - Number of tasks,WSO2 API Manager AI API - System Load Average - Last 1 minute,WSO2 API Manager AI API - System Load Average - Last 5 minutes,WSO2 API Manager AI API - System Load Average - Last 15 minutes,WSO2 API Manager AI API - Blocked,WSO2 API Manager AI API - CPU - User (%),WSO2 API Manager AI API - CPU - Nice (%),WSO2 API Manager AI API - CPU - System (%),WSO2 API Manager AI API - CPU - I/O Wait (%),WSO2 API Manager AI API - CPU - Steal (%),WSO2 API Manager AI API - CPU - Idle (%),WSO2 API Manager AI API - Memory - Free (kB),WSO2 API Manager AI API - Memory - Available (kB),WSO2 API Manager AI API - Memory - Used (kB),WSO2 API Manager AI API - Memory - Used (%),WSO2 API Manager AI API - Memory - Buffers (kB),WSO2 API Manager AI API - Memory - Cached (kB),WSO2 API Manager AI API - Memory - Commit (kB),WSO2 API Manager AI API - Memory - Commit (%),WSO2 API Manager AI API - Memory - Active (kB),WSO2 API Manager AI API - Memory - Inactive (kB),WSO2 API Manager AI API - Memory - Dirty (kB),WSO2 API Manager AI API - Block Device - TPS (transfers/s),WSO2 API Manager AI API - Block Device - Read TPS (kB/s),WSO2 API Manager AI API - Block Device - Write TPS (kB/s),WSO2 API Manager AI API - Block Device - Discard TPS (kB/s),WSO2 API Manager AI API - Block Device - Average Request Size (kB),WSO2 API Manager AI API - Block Device - Average Queue Length,WSO2 API Manager AI API - Block Device - Average Time (ms),WSO2 API Manager AI API - Block Device - Utilization (%),WSO2 API Manager AI API - IO - TPS (transfers/s),WSO2 API Manager AI API - IO - Read TPS (requests/s,WSO2 API Manager AI API - IO - Write TPS (requests/s),WSO2 API Manager AI API - IO - Discard TPS (requests/s),WSO2 API Manager AI API - IO - Data reads per seconds (blocks/s),WSO2 API Manager AI API - IO - Data writes per seconds (blocks/s),WSO2 API Manager AI API - IO - Data discarded per seconds (blocks/s),WSO2 API Manager AI API - Tasks created per second,WSO2 API Manager AI API - Context switches per second,WSO2 API Manager AI API - Unused directory cache entries,WSO2 API Manager AI API - Number of file handles,WSO2 API Manager AI API - Number of inode handlers,WSO2 API Manager AI API - Number of pseudo-terminals,WSO2 API Manager AI API - Network - Received packets/s,WSO2 API Manager AI API - Network - Transmitted packets/s,WSO2 API Manager AI API - Network - Received kB/s,WSO2 API Manager AI API - Network - Transmitted kB/s,WSO2 API Manager AI API - Network - Received compressed packets/s,WSO2 API Manager AI API - Network - Transmitted compressed packets/s,WSO2 API Manager AI API - Network - Received multicast packets/s,WSO2 API Manager AI API - Network - Utilization (%),WSO2 API Manager AI API - Task clock,WSO2 API Manager AI API - Context switches,WSO2 API Manager AI API - CPU Migrations,WSO2 API Manager AI API - Page faults,Netty Service - Run queue length,Netty Service - Number of tasks,Netty Service - System Load Average - Last 1 minute,Netty Service - System Load Average - Last 5 minutes,Netty Service - System Load Average - Last 15 minutes,Netty Service - Blocked,Netty Service - CPU - User (%),Netty Service - CPU - Nice (%),Netty Service - CPU - System (%),Netty Service - CPU - I/O Wait (%),Netty Service - CPU - Steal (%),Netty Service - CPU - Idle (%),Netty Service - Memory - Free (kB),Netty Service - Memory - Available (kB),Netty Service - Memory - Used (kB),Netty Service - Memory - Used (%),Netty Service - Memory - Buffers (kB),Netty Service - Memory - Cached (kB),Netty Service - Memory - Commit (kB),Netty Service - Memory - Commit (%),Netty Service - Memory - Active (kB),Netty Service - Memory - Inactive (kB),Netty Service - Memory - Dirty (kB),Netty Service - Block Device - TPS (transfers/s),Netty Service - Block Device - Read TPS (kB/s),Netty Service - Block Device - Write TPS (kB/s),Netty Service - Block Device - Discard TPS (kB/s),Netty Service - Block Device - Average Request Size (kB),Netty Service - Block Device - Average Queue Length,Netty Service - Block Device - Average Time (ms),Netty Service - Block Device - Utilization (%),Netty Service - IO - TPS (transfers/s),Netty Service - IO - Read TPS (requests/s,Netty Service - IO - Write TPS (requests/s),Netty Service - IO - Discard TPS (requests/s),Netty Service - IO - Data reads per seconds (blocks/s),Netty Service - IO - Data writes per seconds (blocks/s),Netty Service - IO - Data discarded per seconds (blocks/s),Netty Service - Tasks created per second,Netty Service - Context switches per second,Netty Service - Unused directory cache entries,Netty Service - Number of file handles,Netty Service - Number of inode handlers,Netty Service - Number of pseudo-terminals,Netty Service - Network - Received packets/s,Netty Service - Network - Transmitted packets/s,Netty Service - Network - Received kB/s,Netty Service - Network - Transmitted kB/s,Netty Service - Network - Received compressed packets/s,Netty Service - Network - Transmitted compressed packets/s,Netty Service - Network - Received multicast packets/s,Netty Service - Network - Utilization (%),Netty Service - Task clock,Netty Service - Context switches,Netty Service - CPU Migrations,Netty Service - Page faults,JMeter Client - Run queue length,JMeter Client - Number of tasks,JMeter Client - System Load Average - Last 1 minute,JMeter Client - System Load Average - Last 5 minutes,JMeter Client - System Load Average - Last 15 minutes,JMeter Client - Blocked,JMeter Client - CPU - User (%),JMeter Client - CPU - Nice (%),JMeter Client - CPU - System (%),JMeter Client - CPU - I/O Wait (%),JMeter Client - CPU - Steal (%),JMeter Client - CPU - Idle (%),JMeter Client - Memory - Free (kB),JMeter Client - Memory - Available (kB),JMeter Client - Memory - Used (kB),JMeter Client - Memory - Used (%),JMeter Client - Memory - Buffers (kB),JMeter Client - Memory - Cached (kB),JMeter Client - Memory - Commit (kB),JMeter Client - Memory - Commit (%),JMeter Client - Memory - Active (kB),JMeter Client - Memory - Inactive (kB),JMeter Client - Memory - Dirty (kB),JMeter Client - Block Device - TPS (transfers/s),JMeter Client - Block Device - Read TPS (kB/s),JMeter Client - Block Device - Write TPS (kB/s),JMeter Client - Block Device - Discard TPS (kB/s),JMeter Client - Block Device - Average Request Size (kB),JMeter Client - Block Device - Average Queue Length,JMeter Client - Block Device - Average Time (ms),JMeter Client - Block Device - Utilization (%),JMeter Client - IO - TPS (transfers/s),JMeter Client - IO - Read TPS (requests/s,JMeter Client - IO - Write TPS (requests/s),JMeter Client - IO - Discard TPS (requests/s),JMeter Client - IO - Data reads per seconds (blocks/s),JMeter Client - IO - Data writes per seconds (blocks/s),JMeter Client - IO - Data discarded per seconds (blocks/s),JMeter Client - Tasks created per second,JMeter Client - Context switches per second,JMeter Client - Unused directory cache entries,JMeter Client - Number of file handles,JMeter Client - Number of inode handlers,JMeter Client - Number of pseudo-terminals,JMeter Client - Network - Received packets/s,JMeter Client - Network - Transmitted packets/s,JMeter Client - Network - Received kB/s,JMeter Client - Network - Transmitted kB/s,JMeter Client - Network - Received compressed packets/s,JMeter Client - Network - Transmitted compressed packets/s,JMeter Client - Network - Received multicast packets/s,JMeter Client - Network - Utilization (%)
AI API Direct,2G,100,1024,10240,10,AI Chat Completion,5565815,0,0,9277.47,10.71,99,1.5,10,222,11,11,11,11,12,38,93662.6,21571.93,N/A,N/A,N/A,N/A,99.97,4092.5,,,99.25,4096,6279,0,N/A,N/A,N/A,N/A,N/A,N/A,N/A,N/A,N/A,N/A,N/A,N/A,N/A,N/A,N/A,N/A,N/A,N/A,N/A,N/A,N/A,N/A,N/A,N/A,N/A,N/A,N/A,N/A,N/A,N/A,N/A,N/A,N/A,N/A,N/A,N/A,N/A,N/A,N/A,N/A,N/A,N/A,N/A,N/A,N/A,N/A,N/A,N/A,N/A,N/A,N/A,N/A,N/A,N/A,N/A,N/A,2,177.67,1.7,1.27,0.69,0.07,35.49,0,9.72,0.01,0,54.78,4523594.67,5858040,2008408,25.53,51019.73,1486883.73,5053640,64.24,1822931.2,1244135.2,25.07,1.65,5.99,9.46,0,6.84,0,0.94,0.05,1.65,0.11,1.54,0,11.97,18.92,0,0.29,10918.18,49165.2,1173.33,36025.67,0,17810.36,17810.36,21610.21,91048.95,0,0,0,0,1569100.68,4954652,1073333,355411,3.2,285.2,1.84,1.53,0.86,0.07,30.73,0,11.46,0.03,0,57.78,2443438.4,4542403.47,3324044.53,42.26,61238.67,2227940.8,5067363.47,64.42,3119448.27,2000114.93,21592.27,6.38,0.52,1156.84,0,180.07,0.02,3.06,0.26,6.38,0.06,6.32,0,1.03,2313.68,0,0.25,16809.05,52355.53,1250.13,39111.27,0,17823.75,17823.24,90859.45,21865.82,0,0,0,0
AI API Direct,2G,100,1024,102400,10,AI Chat Completion,2587904,0,0,4313.76,22.98,99,3.89,11,68,25,27,29,32,35,44,431792.62,10030.32,N/A,N/A,N/A,N/A,99.75,4078,,,99.13,4096,6262,0,N/A,N/A,N/A,N/A,N/A,N/A,N/A,N/A,N/A,N/A,N/A,N/A,N/A,N/A,N/A,N/A,N/A,N/A,N/A,N/A,N/A,N/A,N/A,N/A,N/A,N/A,N/A,N/A,N/A,N/A,N/A,N/A,N/A,N/A,N/A,N/A,N/A,N/A,N/A,N/A,N/A,N/A,N/A,N/A,N/A,N/A,N/A,N/A,N/A,N/A,N/A,N/A,N/A,N/A,N/A,N/A,7.12,178.5,7.05,5.62,3.42,0.06,85.33,0,6.85,0,0,7.82,4580609.25,5917175,1949273,24.78,52142.25,1487878.25,5049196,64.18,1796352.75,1245565.75,208,1.88,0.52,12.28,0,6.73,0,0.93,0.06,1.88,0.02,1.86,0,1.05,24.56,0,0.92,1889.99,49335.56,1138,36138.56,0,10146.36,47796.59,9894.06,401231.9,0,0,0,0,3520124.59,1415707,59091,376307,3,274.94,2.62,2.36,1.76,0.12,34.37,0,13.04,0.16,0,52.44,3012772.25,4863302.5,3003145.5,38.18,62656.5,1981347.25,4783083.75,60.81,2798411.5,1754029,6195.25,8.13,1.07,1674.02,0,159.58,0.07,2.9,0.69,8.13,0.02,8.11,0,2.13,3348.03,0,0.42,8850.93,52598.31,1222,39279.69,0,47790.32,10138.06,400553.19,10022.08,0,0,0,0
AI API Direct,2G,100,10240,10240,10,AI Chat Completion,5554772,0,0,9258.6,10.73,99,1.52,10,51,11,11,11,11,12,39,93472.09,104864.51,N/A,N/A,N/A,N/A,99.97,4092.5,,,99.25,4096,6257,0,N/A,N/A,N/A,N/A,N/A,N/A,N/A,N/A,N/A,N/A,N/A,N/A,N/A,N/A,N/A,N/A,N/A,N/A,N/A,N/A,N/A,N/A,N/A,N/A,N/A,N/A,N/A,N/A,N/A,N/A,N/A,N/A,N/A,N/A,N/A,N/A,N/A,N/A,N/A,N/A,N/A,N/A,N/A,N/A,N/A,N/A,N/A,N/A,N/A,N/A,N/A,N/A,N/A,N/A,N/A,N/A,3.13,178.67,2.14,3.49,3.94,0.07,35.56,0,12.51,0.01,0,51.92,4547850.13,5885946.13,1980501.87,25.18,53180.27,1488326.93,5053832,64.25,1796418.13,1246811.47,141.33,1.71,0,10.87,0,6.17,0,0.96,0.04,1.71,0,1.71,0,0,21.74,0,1.09,10938.21,49357.8,1156.27,36152.73,0,26042.43,26042.48,99640.45,89314.56,0,0,0,0,1688834.24,5049157,1092626,356230,2.33,283.67,1.95,2.13,2.07,0,30.26,0,15.78,0.03,0,53.93,2380597.33,4532432,3334016,42.38,63926.67,2277185.6,5073766.93,64.5,3110144,2051045.33,20693.87,6.31,0,1179.7,0,185.66,0.02,3.4,0.27,6.31,0,6.31,0,0,2359.4,0,0.44,16477.6,52680.73,1243.73,39361.2,0,26056.62,26056.61,89005.6,100049.69,0,0,0,0
AI API Direct,2G,100,10240,102400,10,AI Chat Completion,2549879,0,0,4250.02,23.31,99,4.07,11,65,25,28,30,32,35,45,425412.68,48136.43,N/A,N/A,N/A,N/A,99.76,4078,,,99.15,4096,6258,0,N/A,N/A,N/A,N/A,N/A,N/A,N/A,N/A,N/A,N/A,N/A,N/A,N/A,N/A,N/A,N/A,N/A,N/A,N/A,N/A,N/A,N/A,N/A,N/A,N/A,N/A,N/A,N/A,N/A,N/A,N/A,N/A,N/A,N/A,N/A,N/A,N/A,N/A,N/A,N/A,N/A,N/A,N/A,N/A,N/A,N/A,N/A,N/A,N/A,N/A,N/A,N/A,N/A,N/A,N/A,N/A,8.2,179.33,7.37,5.95,4.73,0,87.55,0,8.43,0,0,4.02,4481393.07,5820851.73,2045596.27,26.01,54187.47,1488665.07,5053964,64.25,1892437.07,1247893.33,151.2,1.87,0,12.03,0,6.43,0,0.94,0.06,1.87,0,1.87,0,0,24.06,0,0.37,1977.26,49376.47,1158.4,36155.93,0,14295.57,53149.22,47075.3,412574.01,0,0,0,0,3520425.27,1447545,59268,377069,3.87,283,2.87,2.58,2.29,0,35.68,0,16.02,0.14,0,48.16,2628887.47,4555897.33,3310550.67,42.08,65060,2054166.4,5073512,64.5,3112653.87,1829102.67,4918.4,8.45,0,1753.17,0,157.36,0.06,2.81,0.66,8.45,0,8.45,0,0,3506.34,0,0.26,8892.34,52752.8,1230.93,39426.07,0,53116.83,14287.21,411594.07,47241.61,0,0,0,0
AI API Direct,2G,500,1024,10240,10,AI Chat Completion,10920725,0,0,18194.72,17.8,323,38.05,10,737,15,16,17,35,140,559,183688.48,42306.28,N/A,N/A,N/A,N/A,99.92,4089.5,,,98.18,4096,6258,0,N/A,N/A,N/A,N/A,N/A,N/A,N/A,N/A,N/A,N/A,N/A,N/A,N/A,N/A,N/A,N/A,N/A,N/A,N/A,N/A,N/A,N/A,N/A,N/A,N/A,N/A,N/A,N/A,N/A,N/A,N/A,N/A,N/A,N/A,N/A,N/A,N/A,N/A,N/A,N/A,N/A,N/A,N/A,N/A,N/A,N/A,N/A,N/A,N/A,N/A,N/A,N/A,N/A,N/A,N/A,N/A,6.62,178.62,5.72,6.18,5.84,0,71.14,0,17.93,0,0,10.93,4508544.25,5849625.25,2016822.75,25.64,55278,1489001.75,5053636,64.24,1830854,1249194.75,210.25,2.03,0,12.49,0,6.13,0,0.94,0.05,2.03,0,2.03,0,0,24.97,0,1.05,6133.33,49383.88,1524,36492.69,0,33950.38,34700.41,41749.88,179994.27,0,0,0,0,3325835.12,4634649,2080164,362280,66.56,650.38,43.87,33.41,18.81,0,65.94,0,27.83,0.01,0,6.22,1818916.75,4609831,3256617,41.4,66088,2904899,5169294.5,65.71,3015498.25,2680933.25,31785.25,10.74,0,2251.54,0,207.08,0.04,3.57,0.47,10.74,0,10.74,0,0,4503.08,0,0.85,19186.81,52828.75,1574,39841.06,0,34692.09,33917.45,179564.41,42192.2,0,0,0,0
AI API Direct,2G,500,1024,102400,10,AI Chat Completion,2571120,0,0,4283.94,115.52,494,31.46,11,323,133,155,170,186,196,231,428807.79,9960.99,N/A,N/A,N/A,N/A,99.3,4059.5,,,97.99,4096,6258,0,N/A,N/A,N/A,N/A,N/A,N/A,N/A,N/A,N/A,N/A,N/A,N/A,N/A,N/A,N/A,N/A,N/A,N/A,N/A,N/A,N/A,N/A,N/A,N/A,N/A,N/A,N/A,N/A,N/A,N/A,N/A,N/A,N/A,N/A,N/A,N/A,N/A,N/A,N/A,N/A,N/A,N/A,N/A,N/A,N/A,N/A,N/A,N/A,N/A,N/A,N/A,N/A,N/A,N/A,N/A,N/A,8.07,178.8,7.52,6.81,6.27,0.2,88.5,0,8.15,0,0,3.34,4166005.33,5508327.73,2358120.27,29.98,56195.73,1489306.67,5053636,64.24,2202179.2,1250221.07,67.2,2.06,0,12.87,0,6.29,0,0.94,0.05,2.06,0,2.06,0,0,25.74,0,0.37,1732.25,49402.27,1521.07,36533.73,0,8887.21,54044.96,10087.63,419221.04,0,0,0,0,3580111.62,1313768,16769,466941,3.67,683.53,15.2,21.55,23.83,0.13,40.63,0,17.14,0.04,0,42.18,2278894.93,4348739.2,3517708.8,44.72,67350.67,2192410.4,5481102.4,69.68,3268042.93,1969635.73,7164.53,5.37,0,958.33,0,155.84,0.03,2.78,0.32,5.37,0,5.37,0,0,1916.66,0,0.72,6147.31,52901.27,1627.73,39949.27,0,54078.19,8893.06,418737.06,10215.46,0,0,0,0
AI API Direct,2G,500,10240,10240,10,AI Chat Completion,10008476,0,0,16674.57,18.64,310,44.09,10,874,15,16,17,21,124,663,168341.49,188859.02,N/A,N/A,N/A,N/A,99.93,4090,,,98.32,4096,6258,0,N/A,N/A,N/A,N/A,N/A,N/A,N/A,N/A,N/A,N/A,N/A,N/A,N/A,N/A,N/A,N/A,N/A,N/A,N/A,N/A,N/A,N/A,N/A,N/A,N/A,N/A,N/A,N/A,N/A,N/A,N/A,N/A,N/A,N/A,N/A,N/A,N/A,N/A,N/A,N/A,N/A,N/A,N/A,N/A,N/A,N/A,N/A,N/A,N/A,N/A,N/A,N/A,N/A,N/A,N/A,N/A,6.19,178.5,5.51,6.04,6.3,0.25,67.54,0,22.13,0,0,10.33,4575366.5,5918985.5,1947462.5,24.76,56961,1489802.25,5053603.75,64.24,1774527,1251171.5,247.25,1.9,0,12.26,0,6.32,0,0.94,0.05,1.9,0,1.9,0,0,24.52,0,1.03,6584.77,49413.5,1492,36481.75,0,46562.57,47843.27,177476.47,170630.65,0,0,0,0,3309249.54,4888012,2207088,361933,72.81,650.94,46.83,38.99,30.84,0,63.44,0,30.97,0.07,0,5.51,1870662.25,4702999.75,3163448.25,40.22,68654,2943052.75,5169365.75,65.71,2887265.5,2721631.25,37704,12.17,0,2626.29,0,211.05,0.06,3.41,0.62,12.17,0,12.17,0,0,5252.59,0,0.85,17752.37,52986.25,1570,39977.88,0,47862.85,46605.13,169922.52,178287.48,0,0,0,0
AI API Direct,2G,500,10240,102400,10,AI Chat Completion,907237,0,0,1510.58,313.2,473,1382.7,18,362414,333,519,619,919,1687,7327,151204.42,17109.13,N/A,N/A,N/A,N/A,99.78,4088.5,,,98.94,4096,6257,0,N/A,N/A,N/A,N/A,N/A,N/A,N/A,N/A,N/A,N/A,N/A,N/A,N/A,N/A,N/A,N/A,N/A,N/A,N/A,N/A,N/A,N/A,N/A,N/A,N/A,N/A,N/A,N/A,N/A,N/A,N/A,N/A,N/A,N/A,N/A,N/A,N/A,N/A,N/A,N/A,N/A,N/A,N/A,N/A,N/A,N/A,N/A,N/A,N/A,N/A,N/A,N/A,N/A,N/A,N/A,N/A,3.4,179.07,2.65,3.43,4.71,0.07,39.55,0,7.18,0,0,53.27,4135319.2,5480118.4,2386329.6,30.34,57809.33,1490105.87,5053572,64.24,2188816.27,1252059.73,133.6,1.7,0,10.49,0,6.16,0,0.97,0.05,1.7,0,1.7,0,0,20.97,0,0.37,4481.14,49434.13,1542.4,36530.13,0,14194.23,28180.37,24245.57,215296.17,0,0,0,0,1652776.93,2084050,377619,454524,0.93,683.33,5.39,16.32,25.81,0,20.63,0,11.5,0.17,0,67.7,2207419.73,4302534.4,3563913.6,45.31,69853.33,2214618.67,5479904,69.66,3317944,1994254.67,6892,7.18,0,1436.28,0,113.89,0.07,3.38,0.73,7.18,0,7.18,0,0,2872.56,0,0.7,23181.44,53066.67,1636.27,40094.53,0,26542.6,14187.4,201782.89,24431.48,0,0,0,0
AI API Auth No Guardrails,2G,100,1024,10240,10,AI Chat Completion,734178,0,0,1223.63,81.65,99,74.27,12,711,133,179,204,277,327,439,12581.66,2866.69,97.89,2048,,,99.99,4088.5,,,99.88,4096,6258,0,7.93,1283.8,6.49,4.91,2.66,0,83.06,0,14.28,0.03,0,2.63,125115.47,537732,3348096,86.16,31015.47,573961.87,4462624.8,114.84,2988128.53,474388.27,5904.53,6.02,42.53,167.55,0,53.55,0,1.28,0.23,6.02,2.89,3.13,0,85.06,335.09,0,4.85,17435.98,21245.27,1783.47,26490.33,0,4413.07,5281.99,13859.1,13040.15,0,0,0,0,N/A,N/A,N/A,N/A,0.13,178.53,0.26,0.54,1.98,0.07,4.02,0,1.43,0.01,0,94.54,4689305.6,6035235.47,1831212.53,23.28,58674.67,1490468.53,5053606.13,64.24,1664905.07,1253043.47,179.73,1.52,0,9.11,0,5.96,0,0.91,0.03,1.52,0,1.52,0,0,18.21,0,0.28,4000.75,49449.8,1145.6,36102,0,2201.45,2215.11,1526.09,11187.25,0,0,0,0,198966.00,1847537,115471,352180,0.53,282.73,0.28,0.93,9.04,0.07,6.42,0,1.7,0.01,0,91.87,2625218.13,4665132.27,3201315.73,40.7,71101.07,2158258.93,5081026.4,64.59,2981544.27,1939004.27,2142.93,2.16,0,170.16,0,76.46,0,1.41,0.08,2.16,0,2.16,0,0,340.31,0,0.23,3001.67,53138.8,1245.87,39770.27,0,3072.02,2184.55,11443.73,2729.04,0,0,0,0
AI API Auth No Guardrails,2G,100,1024,102400,10,AI Chat Completion,150565,0,0,250.83,398.61,99,248.99,15,1325,583,703,823,999,1063,1167,25185.26,587.65,98.45,2048,,,99.99,4091,,,99.92,4096,6258,0,3.33,1282.93,3.82,4.32,4.07,0.07,75.31,0,13.22,0.11,0,11.36,140714.93,568802.4,3317025.6,85.36,28899.47,596709.87,4438612.8,114.23,2983773.33,487366.13,7062.4,7.97,47.04,164.68,0,34.92,0.01,1.16,0.37,7.97,4.88,3.09,0,94.08,329.36,0,5.07,17519.53,23059.8,1836.8,23602.13,0,4185.98,4416.12,23018.42,22949.78,0,0,0,0,N/A,N/A,N/A,N/A,0.33,178.6,0.08,0.12,0.73,0.2,2.93,0,0.49,0.01,0,96.57,4643991.2,5991032.8,1875415.2,23.84,59454.4,1490785.33,5053408.27,64.24,1714077.6,1253887.47,157.87,1.58,0,9.52,0,6.02,0,0.92,0.03,1.58,0,1.58,0,0,19.04,0,0.28,1037.57,49464.73,1156.27,36137,0,1029.54,2694.04,339.7,22425.32,0,0,0,0,128185.16,458284,7977,359853,0.53,282.67,0.28,0.26,3.14,0.13,5.16,0,1.53,0.01,0,93.3,2657668,4661680.8,3204767.2,40.74,72223.2,2121084.53,5080702.4,64.59,2994273.87,1902948.8,644,1.68,0,43.68,0,25.73,0,1.09,0.06,1.68,0,1.68,0,0,87.36,0,0.23,1885.28,53249.4,1235.2,39869.8,0,3375.5,1474.66,22548.17,621.55,0,0,0,0
AI API Auth No Guardrails,2G,100,10240,10240,10,AI Chat Completion,554698,0,0,924.53,108.1,99,89.98,12,662,168,213,250,353,423,539,9506.19,10487.59,98.27,2048,,,99.99,4086,,,99.9,4096,6263,0,5.56,1289.94,5.21,4.84,4.41,0,81.14,0,13.7,0.01,0,5.15,129300,523268.5,3362559.5,86.53,30073.75,562812.5,4478409,115.25,2998125,480710.25,6406.75,3.69,3.59,231.86,0,51.25,0,1.36,0.14,3.69,0.36,3.33,0,7.19,463.71,0,5.12,16442.77,23256.62,1748,23133.88,0,4938.6,4951.59,17884.62,17216.97,0,0,0,0,N/A,N/A,N/A,N/A,0.4,178.87,0.18,0.14,0.31,0.13,2.89,0,1.24,0.01,0,95.86,4737191.47,6085280.53,1781167.47,22.64,60197.6,1491073.33,5053886.13,64.25,1626618.13,1254786.93,209.07,1.53,0,9.17,0,5.97,0,0.91,0.03,1.53,0,1.53,0,0,18.33,0,0.28,3963.03,49486.93,1107.2,36085.73,0,2479.33,2466.58,8568.48,8442.45,0,0,0,0,153909.06,1851602,57666,350853,0.13,282.93,0.23,0.22,1.17,0.13,5.7,0,1.54,0.01,0,92.74,2701577.6,4758552.27,3107895.73,39.51,73374.4,2172829.07,5081304.27,64.6,2899843.2,1955701.6,2079.2,2.09,0.03,130.88,0,60.86,0,1.4,0.08,2.09,0,2.09,0,0.05,261.76,0,0.27,2223.67,53368.6,1262.93,39976.73,0,2469.65,2465.07,8605.55,9528.46,0,0,0,0
AI API Auth No Guardrails,2G,100,10240,102400,10,AI Chat Completion,106452,0,0,177.29,563.81,99,318.27,17,1412,839,1003,1063,1095,1119,1215,17800.97,2011.14,98.84,2048,,,99.99,4083.5,,,99.94,4096,6258,0,1.81,1253.06,2.68,3.17,3.81,0.12,68.95,0,9.4,0.12,0,21.53,144433.5,572684.25,3313143.75,85.26,32407,594955.25,4417588.75,113.68,2847066.75,627421,1361.75,7.74,53.63,59.41,0,17.32,0,1.01,0.36,7.74,5.27,2.47,0,107.26,118.82,0,1.97,12323.2,23494.94,1818,23178.19,0,3230.68,3341.92,17639.26,17609.62,0,0,0,0,N/A,N/A,N/A,N/A,0.06,178.94,0.08,0.08,0.16,0.19,2.22,0,0.34,0.01,0,97.43,4675047,6024748,1841700,23.41,60973,1491900,5051000.25,64.21,1682397,1255711.25,169.5,1.54,0,9.34,0,6.08,0,0.92,0.04,1.54,0,1.54,0,0,18.67,0,0.29,945.66,49505.38,1196,36144.12,0,920.51,2039.15,1659.32,15813.7,0,0,0,0,90912.97,418217,5105,363438,0.53,283.27,0.15,0.17,0.5,0.07,3.78,0,1.1,0.01,0,95.1,2684136,4717132.8,3149315.2,40.04,74621.6,2147394.4,5080350.4,64.58,2943410.13,1931526.13,534.93,1.68,0,33.67,0,20.15,0,0.83,0.04,1.68,0,1.68,0,0,67.33,0,0.24,1224.28,53483.47,1245.87,40078.07,0,2395.06,1169.65,15816.41,1851.96,0,0,0,0
AI API Auth No Guardrails,2G,500,1024,10240,10,AI Chat Completion,546882,0,0,910.54,548.79,499,401.91,12,1915,855,1095,1295,1495,1575,1735,9362.41,2133.2,97.87,2048,,,99.99,4086,,,99.86,4096,6258,0,5.12,1249.56,4.71,4.28,3.91,0.06,81.64,0,11.6,0.01,0,6.75,133961.25,532932.5,3352895.5,86.29,33868.75,564103.25,4433308.25,114.09,2932919.25,538610.25,6863.75,3.84,3.56,245.36,0,55.18,0,1.37,0.13,3.84,0.39,3.45,0,7.12,490.73,0,5.01,15892.21,23709.44,2128,23465.81,0,3241.4,4028.72,10183.12,9594.79,0,0,0,0,N/A,N/A,N/A,N/A,0.25,177.81,0.2,0.16,0.12,0.12,2.86,0,0.86,0.01,0,96.28,4726192.75,6076845.25,1789602.75,22.75,61548,1492266.25,5044956,64.13,1631905.75,1256427,225,1.44,0,8.55,0,5.94,0,0.91,0.03,1.44,0,1.44,0,0,17.11,0,0.26,3017.11,49517.44,1112,36083.88,0,1604.71,1612.28,1120.04,8210.79,0,0,0,0,131800.17,1411262,66325,351792,0.56,651.69,0.24,0.21,0.28,0.19,5.45,0,1.42,0.01,0,93.12,2449376,4541185.75,3325262.25,42.27,75770.25,2204765.5,5454670.5,69.34,3078295.75,1989978,2128.5,2.06,0,131.12,0,61.48,0,1.26,0.07,2.06,0,2.06,0,0,262.24,0,0.64,2220.28,53592.88,1606,40551.62,0,2407.72,1608.6,8415.77,2005.05,0,0,0,0
AI API Auth No Guardrails,2G,500,1024,102400,10,AI Chat Completion,109622,0,0,181.86,2736.21,497,1262.6,511,5279,3839,4511,4703,4863,4927,5119,18259.8,426.06,98.2,2048,,,99.98,4066.5,,,99.84,4096,6258,0,2.93,1286.93,2.67,2.99,3.48,0,68.36,0,9.24,0.01,0,22.38,145294.93,515938.4,3369889.6,86.72,35777.33,533664.53,4455574.13,114.66,2918342.4,510205.07,615.47,2.26,1.27,66.2,0,19.84,0,1.05,0.08,2.26,0.08,2.17,0,2.54,132.41,0,1.39,12051.58,23920.33,2613.33,23946.47,0,3199.59,3434.06,17687.25,17639.8,0,0,0,0,N/A,N/A,N/A,N/A,0.4,178.27,0.13,0.13,0.11,0.13,2.8,0,0.41,0.01,0,96.78,4511185.07,5863057.07,2003390.93,25.47,62154.67,1492715.2,5054061.87,64.25,1831669.87,1257181.6,161.87,1.57,0,9.33,0,5.83,0,0.92,0.03,1.57,0,1.57,0,0,18.65,0,0.28,734.22,49533.07,1525.33,36516.67,0,833.01,2054.45,263.67,17247.19,0,0,0,0,111557.00,303137,23576,374912,0.4,683,0.22,0.21,0.23,0.13,4.65,0,1.23,0.01,0,94.11,2065861.87,4135697.07,3730750.93,47.43,77011.2,2181271.73,5489958.4,69.79,3492832.8,1967662.4,569.87,1.67,0,35.99,0,21.67,0,1.06,0.06,1.67,0,1.67,0,0,71.97,0,0.68,1471.59,53707.93,1638.4,40684.33,0,2593.57,1139.32,17317.26,478.9,0,0,0,0
AI API Auth No Guardrails,2G,500,10240,10240,10,AI Chat Completion,523432,0,0,871.24,573.51,499,420.32,13,1981,903,1151,1343,1543,1623,1767,8958.24,9883.07,97.97,2048,,,99.99,4085,,,99.86,4096,6262,0,6.13,1290.8,4.7,4.21,3.75,0.13,81.18,0,12.42,0.01,0,6.4,134306.13,532875.2,3352952.8,86.29,36938.67,560608,4479550.4,115.28,2929654.4,538252,6313.6,2.98,1.05,130,0,43.45,0,1.26,0.11,2.98,0.1,2.88,0,2.11,260.01,0,4.64,15690.55,24143.4,2186.67,23564.53,0,4820.57,5430.79,17458.65,16864.73,0,0,0,0,N/A,N/A,N/A,N/A,0.13,178.47,0.16,0.13,0.1,0.2,2.71,0,1.09,0.01,0,96.19,4706013.33,6058844,1807604,22.98,62888.27,1493055.73,5054074.93,64.25,1654501.33,1258063.47,154.93,1.64,0,9.81,0,5.89,0,0.91,0.04,1.64,0,1.64,0,0,19.61,0,0.28,3844.82,49548.33,1122.13,36080.47,0,2401.99,2409.11,8368.1,8245.93,0,0,0,0,134126.91,1714581,66232,350512,0.47,683.13,0.32,0.29,0.23,0.2,6.43,0,1.64,0.01,0,91.92,2283037.6,4410566.67,3455881.33,43.93,78346.93,2237431.47,5489470.67,69.78,3221245.33,2025156.53,3229.87,2.06,0,128.72,0,62.23,0,1.41,0.08,2.06,0,2.06,0,0,257.43,0,0.68,2252.4,53811.07,1636.27,40774.47,0,3024.33,2407.81,8429.73,9285.76,0,0,0,0
AI API Auth No Guardrails,2G,500,10240,102400,10,AI Chat Completion,106122,0,0,176.03,2826,497,1303.9,535,5379,3967,4639,4863,5023,5055,5215,17674.58,1996.86,98.21,2048,,,99.98,4066,,,99.85,4096,6258,0,2.87,1284.6,2.51,2.88,3.35,0.13,68.67,0,9.38,0.01,0,21.94,142361.87,507353.07,3378474.93,86.94,38572.53,526449.6,4459356.27,114.76,2929614.93,505277.6,1154.13,2.92,8.37,59.76,0,17.88,0,0.93,0.09,2.92,0.7,2.21,0,16.74,119.53,0,1.96,11787.26,24342.2,2592,23909.87,0,3402.37,3494.56,18408.93,18333.61,0,0,0,0,N/A,N/A,N/A,N/A,0.33,177.33,0.13,0.11,0.09,0,2.59,0,0.45,0.01,0,96.95,4513331.2,5867772.27,1998675.73,25.41,63617.33,1493804.8,5054278.93,64.25,1831771.73,1258931.73,164,1.58,0,9.37,0,5.91,0,0.92,0.04,1.58,0,1.58,0,0,18.73,0,0.28,841.89,49563.93,1533.87,36515.6,0,967.62,2127.6,1730.98,16491.9,0,0,0,0,110991.87,356514,23002,377652,0.47,683.33,0.24,0.26,0.26,0.07,4.65,0,1.18,0.01,0,94.16,2109105.07,4214476,3651972,46.42,79311.73,2214069.87,5490284.8,69.79,3411076.27,2002686.67,469.6,1.69,0,35.48,0,20.91,0,0.99,0.06,1.69,0,1.69,0,0,70.96,0,0.68,1433.18,53923.53,1627.73,40873.8,0,2517.43,1259.6,16556.52,1945.25,0,0,0,0
AI API Request PII Masking,2G,100,1024,10240,10,AI Chat Completion,499075,0,0,831.72,120.17,99,102.54,12,734,191,245,281,389,465,603,8551.89,1950.96,98.2,2048,,,99.99,4085.5,,,99.91,4096,6258,0,8,1289.87,5.6,4.74,3.94,0,84.76,0,11.8,0.01,0,3.43,123671.73,523811.47,3362016.53,86.52,39632.8,559653.07,4485708,115.44,2944840,539004.27,6308.27,3.64,4.27,184.61,0,56.66,0,1.38,0.14,3.64,0.41,3.23,0,8.54,369.22,0,4.92,15460.13,24602.33,1781.33,23152.13,0,3026.55,3684.6,9528.05,8963.13,0,0,0,0,N/A,N/A,N/A,N/A,0.13,178.6,0.12,0.12,0.09,0.2,2.62,0,0.84,0.01,0,96.53,4706852,6062320.27,1804127.73,22.93,64300.8,1494209.07,5053737.6,64.24,1648853.6,1259764.53,156.8,1.6,0,9.4,0,5.83,0,0.91,0.04,1.6,0,1.6,0,0,18.81,0,0.28,2886.08,49581.27,1083.73,36078.47,0,1499.49,1509.33,1046.5,7675.7,0,0,0,0,117387.62,1305471,43419,350456,0.2,283.47,0.2,0.19,0.2,0.2,4.73,0,1.2,0.01,0,94.06,2521340.53,4680657.33,3185790.67,40.5,80103.47,2267094.67,5080837.87,64.59,2977457.87,2056426.67,1898.13,1.97,0,120.26,0,59.99,0,1.39,0.08,1.97,0,1.97,0,0,240.52,0,0.23,2068.34,54040.73,1230.93,40588.4,0,2173.89,1501.12,7864.49,1877.04,0,0,0,0
AI API Request PII Masking,2G,100,1024,102400,10,AI Chat Completion,158208,0,0,263.57,379.36,99,240.08,15,1366,551,667,799,983,1055,1175,26464.29,618.26,98.35,2048,,,99.99,4091.5,,,99.92,4096,6258,0,4.87,1291,3.91,4,4.09,0.13,76.45,0,14.7,0.04,0,8.8,139906.13,545875.73,3339952.27,85.95,41690.13,563396,4484985.07,115.42,2932617.87,544946.67,6451.47,5.21,23.49,138.81,0,39.04,0,1.19,0.23,5.21,2.36,2.86,0,46.77,277.63,0,5.19,18780.04,24994.87,1830.4,23214.47,0,4558.79,4795.64,25052.12,24975.7,0,0,0,0,N/A,N/A,N/A,N/A,0.33,178.93,0.2,0.19,0.14,0.13,3.44,0,0.42,0.01,0,96.14,4573821.33,5930762.93,1935685.07,24.61,65000.27,1494978.93,5053850.13,64.24,1779420.53,1260981.07,165.07,1.74,0.2,11.12,0,6.19,0,0.91,0.04,1.74,0.02,1.71,0,0.4,22.24,0,0.35,1073.42,49648.73,1164.8,36149.33,0,1090.36,2913.09,368.42,24425.39,0,0,0,0,135818.35,466416,8719,357633,0.33,283.87,0.29,0.27,0.22,0.13,5.75,0,1.66,0.01,0,92.57,2436842.13,4583323.47,3283124.53,41.74,80858.13,2253260,5082730.67,64.61,3075844.27,2043292.8,641.07,1.85,0.2,48.6,0,26.75,0,1.1,0.06,1.85,0.02,1.82,0,0.4,97.19,0,0.31,2202.48,54198.93,1256.53,40699.93,0,3697.8,1631.72,24559.36,679.29,0,0,0,0
AI API Request PII Masking,2G,100,10240,10240,10,AI Chat Completion,257231,0,0,428.72,233.28,100,213.98,15,1294,403,555,627,715,775,911,4408.16,4864.51,98.6,2048,,,99.99,4083.5,,,99.94,4096,6259,0,16,1291.67,11.97,9.8,7.05,0,92.09,0,6.1,0.01,0,1.8,124289.6,528194.13,3357633.87,86.41,42564.53,560457.6,4496311.73,115.71,2941850.93,542056.27,6551.2,3.46,4.24,152.6,0,49.11,0,1.3,0.15,3.46,0.41,3.04,0,8.49,305.2,0,5.22,8163.13,25432.33,1798.4,23277.93,0,2302.11,2369.87,8319.98,7928.29,0,0,0,0,N/A,N/A,N/A,N/A,0.4,178.6,0.05,0.06,0.08,0.07,1.2,0,0.47,0.01,0,98.32,4845496.53,6206579.47,1659868.53,21.1,65739.2,1498303.47,5053614.4,64.24,1498225.6,1264724.27,216.27,1.52,0,8.94,0,5.84,0,0.91,0.03,1.52,0,1.52,0,0,17.88,0,0.28,1787.58,49727.87,1128.53,36122.67,0,1133.01,1143.43,3940.98,3895.61,0,0,0,0,58186.87,810574,34557,348679,0.33,282.87,0.21,0.21,0.2,0.13,3.59,0,0.87,0.01,0,95.53,2612940.27,4784054.13,3082393.87,39.18,81573.6,2277040,5081657.87,64.6,2863808.53,2067578.13,878.13,1.82,0,66.75,0,36.22,0,1.18,0.06,1.82,0,1.82,0,0,133.49,0,0.24,1115.62,54375.93,1254.4,40820.73,0,1227.97,1144.97,3958.47,4449.87,0,0,0,0
AI API Request PII Masking,2G,100,10240,102400,10,AI Chat Completion,88606,0,0,147.57,677.27,99,419.71,20,1900,1015,1231,1383,1535,1599,1735,14817.03,1674.45,98.83,2048,,,99.99,4080,,,99.94,4096,6258,0,2.93,1284.27,2.92,4.72,6.41,0.07,81.49,0,8.6,0.05,0,9.85,138625.07,532273.6,3353554.4,86.3,44321.33,548461.87,4458337.87,114.73,2931522.4,531592.53,6985.87,5.79,27.15,156.84,0,47.23,0,1.18,0.2,5.79,2.71,3.07,0,54.29,313.68,0,5.2,12752,25722.53,1806.93,23243.53,0,2770.69,2812.57,15166.85,15112.83,0,0,0,0,N/A,N/A,N/A,N/A,0.33,178.33,0.08,0.07,0.08,0.13,1.76,0,0.3,0.01,0,97.94,4633351.73,5995491.73,1870956.27,23.78,66405.07,1498695.73,5053378.93,64.24,1716362.13,1265528.53,226.13,1.65,0,9.47,0,5.7,0,0.91,0.04,1.65,0,1.65,0,0,18.94,0,0.28,792.77,49746.93,1120,36166.2,0,766.86,1754.15,1423.78,13591.4,0,0,0,0,77747.94,340733,3361,356852,0.4,282.73,0.18,0.19,0.18,0.2,3.51,0,0.99,0.01,0,95.49,2510452.53,4683161.87,3183286.13,40.47,82215.47,2277766.13,5080524.27,64.58,2971900.27,2068908.8,516,1.61,0,30.18,0,18.72,0,1.03,0.06,1.61,0,1.61,0,0,60.37,0,0.23,1049.83,54480.07,1245.87,40917.27,0,2035.34,1000.99,13651.2,1599.6,0,0,0,0
AI API Request PII Masking,2G,500,1024,10240,10,AI Chat Completion,521716,0,0,868.62,575.28,499,461.39,14,1977,943,1247,1423,1623,1703,1863,8931.31,2037.52,97.54,2048,,,99.99,4085.5,,,99.85,4096,6258,0,6.4,1289.6,5.21,4.69,4.99,0,85.09,0,10.92,0,0,3.99,121759.47,514691.47,3371136.53,86.76,45302.13,546620.27,4482354.13,115.35,2949638.67,530039.2,6003.73,3.82,4.84,193.3,0,53.09,0,1.03,0.09,3.82,0.48,3.34,0,9.69,386.61,0,4.99,16121.51,26062.67,2178.13,23663.73,0,3219.92,3999,10126.28,9535.53,0,0,0,0,N/A,N/A,N/A,N/A,0.4,178.2,0.2,0.15,0.1,0.13,3.02,0,0.96,0.01,0,96.01,4709794.13,6073179.47,1793268.53,22.8,67109.33,1499227.73,5053563.47,64.24,1640337.07,1266376,198.4,1.51,0,8.92,0,5.84,0,0.92,0.03,1.51,0,1.51,0,0,17.85,0,0.28,3047.37,49763.07,1132.8,36129,0,1594.02,1603.93,1112.47,8158.23,0,0,0,0,131741.42,1393001,61591,352278,0.47,683.13,0.27,0.22,0.19,0.13,5.9,0,1.46,0.01,0,92.63,2332989.33,4567246.67,3299201.33,41.94,83013.87,2337760.8,5489481.07,69.78,3062501.87,2129711.2,2458.13,2.08,0,128.49,0,59.56,0,1.38,0.07,2.08,0,2.08,0,0,256.97,0,0.68,2213.26,54597.93,1644.8,41414.27,0,2394.11,1600.23,8368.21,1996.11,0,0,0,0
AI API Request PII Masking,2G,500,1024,102400,10,AI Chat Completion,106756,0,0,177.1,2808.58,497,1297.79,532,5446,3935,4607,4831,4991,5055,5279,17781.84,415.42,98.09,2048,,,99.98,4066.5,,,99.86,4096,6210,0,3.2,1282.47,2.45,2.94,3.84,0,69.77,0,9.14,0.08,0,21.01,139242.67,519244.8,3366583.2,86.64,47041.6,531784.8,4456179.47,114.68,2921072.8,516312.8,1047.2,5.87,34.22,55.87,0,15.79,0,0.99,0.25,5.87,3.47,2.4,0,68.43,111.75,0,2.03,11688.6,26273.87,2557.87,23972.33,0,3021.52,3241.14,16651.52,16595.55,0,0,0,0,N/A,N/A,N/A,N/A,0.2,178,0.12,0.11,0.09,0.2,2.49,0,0.39,0.01,0,97.11,4549637.87,5914410.4,1952037.6,24.81,67745.6,1499817.87,5053996.8,64.25,1781300.8,1267158.4,168.53,1.75,0,9.87,0,5.61,0,0.91,0.04,1.75,0,1.75,0,0,19.75,0,0.28,723.26,49781.4,1521.07,36530.6,0,792.15,1933.89,248.61,16235.86,0,0,0,0,102767.56,308436,13916,372541,0.2,683.27,0.16,0.2,0.21,0.13,4.47,0,1.19,0.01,0,94.33,2272078.4,4486620.27,3379827.73,42.97,83906.67,2317049.07,5489518.67,69.79,3139852.53,2109860.53,576.53,1.77,0,35.34,0,19.65,0,1.04,0.06,1.77,0,1.77,0,0,70.68,0,0.68,1389.34,54707.07,1632,41512.6,0,2441.43,1074.32,16317.7,451.86,0,0,0,0
AI API Request PII Masking,2G,500,10240,10240,10,AI Chat Completion,240418,0,0,399.96,1246.79,498,1223.12,22,4532,2223,3295,3663,3919,4015,4255,4112.49,4538.23,98.31,2048,,,99.99,4084.5,,,99.92,4096,6258,0,11.93,1290.53,10.36,8.42,6.09,0,92.05,0,5.67,0,0,2.28,123461.07,523036,3362792,86.54,47716.53,550854.67,4488196.53,115.5,2941260.8,537716.27,5666.93,3.55,5.97,154.83,0,36.98,0,1.02,0.11,3.55,0.43,3.12,0,11.93,309.66,0,5.36,7827.55,26498.27,2152.53,23617.47,0,2148.99,2474.76,7709.29,7429.24,0,0,0,0,N/A,N/A,N/A,N/A,0.27,178.33,0.09,0.09,0.08,0.13,1.15,0,0.45,0.01,0,98.39,4860373.87,6226482.4,1639965.6,20.85,68391.2,1500570.67,5053886.13,64.25,1486205.87,1267950.13,164.8,1.63,0,9.12,0,5.58,0,0.91,0.03,1.63,0,1.63,0,0,18.25,0,0.28,1681.74,49796.4,1092.27,36107.6,0,1057.96,1070.5,3680.75,3642.08,0,0,0,0,53088.39,766695,28040,350255,0.2,683.33,0.3,0.27,0.24,0.13,4.12,0,0.9,0.01,0,94.97,2408724.27,4653825.6,3212622.4,40.84,84620.53,2346643.47,5489473.33,69.79,2976963.47,2139941.07,933.87,1.85,0,64.09,0,34.63,0,1.14,0.06,1.85,0,1.85,0,0,128.18,0,0.68,1063.32,54817.07,1614.93,41611.67,0,1406.25,1063.29,3713.22,4085.44,0,0,0,0
AI API Request PII Masking,2G,500,10240,102400,10,AI Chat Completion,83268,0,0,138.12,3598.75,497,1727.6,634,7323,5087,5951,6367,6719,6911,7199,13868.3,1567.23,98.28,2048,,,99.98,4044.5,,,99.87,4096,6258,0,3.62,1290.69,3.07,4.43,5.68,0.06,81.61,0,7.98,0.09,0,10.32,133290.25,489766.25,3396061.75,87.4,49428.75,505884.5,4473936.5,115.14,2944937.75,489894.75,7764.5,7.68,40.7,235.79,0,51.49,0,1.31,0.35,7.68,4.16,3.52,0,81.39,471.73,0,5.05,11626.46,26815.38,2524,23999.38,0,2571.66,2658.63,13940.66,13921.6,0,0,0,0,N/A,N/A,N/A,N/A,0.07,179.13,0.06,0.06,0.08,0.2,1.57,0,0.31,0.01,0,98.11,4591843.47,5959048.27,1907399.73,24.25,69072.27,1500898.93,5053808,64.25,1739369.33,1268770.13,214.13,1.62,0,9.01,0,5.53,0,0.9,0.03,1.62,0,1.62,0,0,18.02,0,0.28,727.39,49815.6,1497.6,36504.8,0,738.5,1615.67,1313.85,12519.06,0,0,0,0,73409.07,313627,3406,373893,0.07,682.87,0.25,0.21,0.19,0.13,4.14,0,1,0.01,0,94.85,2235931.73,4485057.6,3381390.4,42.99,85328,2349697.6,5488990.67,69.77,3147493.33,2143634.4,416.8,1.69,0,29.01,0,17.04,0,0.94,0.05,1.69,0,1.69,0,0,58.03,0,0.68,1153.49,54922.8,1600,41707.8,0,1905.52,942.68,12538.87,1474.86,0,0,0,0
AI API PII Masking,2G,100,1024,10240,10,AI Chat Completion,437315,0,0,728.78,137.16,99,118.28,12,881,222,289,327,437,515,643,7493.49,1703.81,98.32,2048,,,99.99,4084.5,,,99.92,4096,6262,0,6.69,1286.75,6.11,5.34,5.09,0.06,86.28,0,10.22,0.01,0,3.48,126690,536721,3349107,86.19,50036.25,559148.75,4460407.75,114.79,2928340.5,547151.25,6050,3.77,4.8,197.14,0,56.88,0,1.46,0.14,3.77,0.47,3.3,0,9.6,394.27,0,4.89,14059.92,27083.5,1732,23151.44,0,2592.43,3155.65,8146.98,7669.33,0,0,0,0,N/A,N/A,N/A,N/A,0.19,178.69,0.15,0.13,0.09,0.12,2.19,0,0.71,0.01,0,97.09,4740313.25,6108353,1758095,22.35,69703,1501177.25,5052166.75,64.22,1606068.75,1269555,179,1.59,0,8.84,0,5.57,0,0.91,0.03,1.59,0,1.59,0,0,17.67,0,0.28,2517.92,49835.44,1114,36106,0,1283.78,1291.42,895.55,6569.07,0,0,0,0,99304.15,1171446,36025,350975,0.47,283,0.15,0.17,0.17,0.13,4.01,0,1.02,0.01,0,94.96,2495058.13,4793040,3073408,39.07,86044.53,2397405.33,5081010.13,64.59,2855346.93,2192064,1703.2,1.97,0,98.84,0,48.81,0,1.29,0.07,1.97,0,1.97,0,0,197.69,0,0.23,1763.76,55041.73,1222.4,41442.07,0,1847.22,1276.01,6683.47,1590.26,0,0,0,0
AI API PII Masking,2G,100,1024,102400,10,AI Chat Completion,71741,0,0,119.44,836.21,99,499.84,25,2373,1239,1495,1679,1831,1887,2095,11992.43,279.24,98.85,2048,,,99.99,4072.5,,,99.95,4096,6254,0,2.6,1286.33,3.57,3.97,4.57,0.07,88,0,7.72,0.01,0,4.26,135152.8,546306.67,3339521.33,85.94,51722.13,558572.53,4448322.4,114.48,2921306.93,546202.4,8368.53,3.94,12.74,142.02,0,42.49,0,1.22,0.16,3.94,0.77,3.17,0,25.49,284.04,0,4.72,11197.09,27441.67,1834.67,23303.47,0,2034.25,2221.06,11510.73,11491.11,0,0,0,0,N/A,N/A,N/A,N/A,0.2,177.87,0.07,0.06,0.07,0.07,1.69,0,0.22,0.01,0,98.08,4601167.47,5970073.07,1896374.93,24.11,70174.13,1501599.2,5053486.13,64.24,1730888.53,1270170.93,169.87,1.69,0,9.4,0,5.5,0,0.91,0.04,1.69,0,1.69,0,0,18.81,0,0.28,560.96,49843.93,1181.87,36164.27,0,602.46,1347.37,174.95,11311.9,0,0,0,0,64111.19,225768,2346,354095,0.47,283.33,0.14,0.13,0.13,0.13,2.7,0,0.81,0.01,0,96.47,2302089.6,4590746.4,3275701.6,41.64,86958.4,2387014.4,5080379.2,64.58,3055098.67,2182518.13,305.87,1.94,0,28.24,0,14.78,0,0.99,0.06,1.94,0,1.94,0,0,56.48,0,0.24,1007.8,55156,1228.8,41554.4,0,1612.26,690.82,11288.42,308.19,0,0,0,0
AI API PII Masking,2G,100,10240,10240,10,AI Chat Completion,232494,0,0,387.51,257.82,99,245.51,17,2033,417,643,739,843,919,1511,3984.43,4393.88,98.53,2048,,,99.99,4083.5,,,99.95,4096,6259,0,18,1296.4,17.38,13.65,9.2,0.07,93.42,0,5.06,0.01,0,1.52,119796.8,515210.13,3370617.87,86.74,52056,542479.2,4505715.47,115.95,2947781.87,531186.4,5967.2,3.31,4.35,170.75,0,51.46,0,1.33,0.12,3.31,0.23,3.09,0,8.7,341.5,0,4.71,6554.85,27798.33,1802.67,23271.6,0,2155.57,2463.46,7815.48,7514.73,0,0,0,0,N/A,N/A,N/A,N/A,0.2,178.33,0.09,0.08,0.08,0.2,1.18,0,0.47,0.01,0,98.35,4798069.07,6167824.53,1698623.47,21.59,70632.8,1501984.27,5054014.93,64.25,1536088.27,1270779.47,155.73,1.7,0,9.36,0,5.47,0,0.91,0.03,1.7,0,1.7,0,0,18.71,0,0.28,1489.18,49865.07,1132.8,36141.67,0,1078.06,1069.76,3723.36,3665.54,0,0,0,0,59600.69,652510,34652,351579,0.2,282.93,0.17,0.16,0.13,0.2,3.5,0,0.85,0.01,0,95.64,2354026.67,4676936.53,3189511.47,40.55,87788,2420087.47,5081583.73,64.6,2967213.6,2216346.67,1075.73,1.84,0.55,60.44,0,33.19,0,1.15,0.06,1.84,0.01,1.83,0,1.1,120.88,0,0.24,1085.13,55260.53,1267.2,41651.4,0,1376.86,1078.52,3754.85,4176.95,0,0,0,0
AI API PII Masking,2G,100,10240,102400,10,AI Chat Completion,64196,0,0,106.88,934.49,99,555.12,28,2348,1391,1679,1855,1999,2047,2175,10731.02,1211.86,98.88,2048,,,99.99,4070,,,99.95,4096,6258,0,3.73,1288,4.03,6.5,8.67,0,89.26,0,7.08,0.01,0,3.65,127209.33,535169.6,3350658.4,86.23,53546.93,553509.87,4472962.13,115.11,2929494.4,543002.93,7270.4,3.91,9.94,140.19,0,45.49,0,1.27,0.15,3.91,0.85,3.06,0,19.87,280.38,0,5.17,10548.66,28076.27,1834.67,23302.73,0,2082.03,2104.72,11282.22,11242.2,0,0,0,0,N/A,N/A,N/A,N/A,0.13,177.93,0.05,0.05,0.05,0.13,1.32,0,0.22,0.01,0,98.46,4616477.87,5986904.8,1879543.2,23.89,71022.13,1502255.73,5053907.73,64.25,1725464.53,1271313.87,155.2,1.71,0,9.48,0,5.48,0,0.91,0.04,1.71,0,1.71,0,0,18.97,0,0.28,614.79,49878.93,1203.2,36163.4,0,573.16,1303.07,1059,10101.86,0,0,0,0,56698.74,252554,2344,355766,0.2,283.2,0.12,0.12,0.1,0.2,2.7,0,0.72,0.01,0,96.56,2310574.4,4637738.4,3228709.6,41.04,88580.27,2423237.6,5081098.67,64.59,3010048.27,2220253.87,283.2,1.82,0,26.05,0,14.44,0,0.99,0.06,1.82,0,1.82,0,0,52.1,0,0.23,906.43,55373.73,1256.53,41757.2,0,1520.76,762.93,10151.74,1190.53,0,0,0,0
AI API PII Masking,2G,500,1024,10240,10,AI Chat Completion,456478,0,0,759.77,657.44,499,542.31,13,2513,1103,1471,1647,1839,1935,2143,7812.09,1776.25,97.76,2048,,,99.99,4084.5,,,99.87,4096,6258,0,5.47,1285,5.56,5.15,6.07,0,87.44,0,9.74,0.01,0,2.81,125443.73,516903.73,3368924.27,86.7,54104.53,536402.67,4461273.6,114.81,2946678.4,526685.07,8110.67,3.4,6.58,148.45,0,46.12,0,1.26,0.12,3.4,0.43,2.96,0,13.15,296.89,0,5.09,14791.18,28364.93,2131.2,23554.67,0,2752.51,3417.21,8643.08,8142.58,0,0,0,0,N/A,N/A,N/A,N/A,0.07,178.2,0.12,0.09,0.05,0.2,2.38,0,0.71,0.01,0,96.9,4703038.67,6074261.6,1792186.4,22.78,71393.6,1502660.8,5053856.27,64.25,1641346.67,1271835.2,156,1.56,0,8.64,0,5.47,0,0.91,0.03,1.56,0,1.56,0,0,17.28,0,0.28,2665.5,49897.07,1113.6,36100.67,0,1362.17,1370.52,950.64,6971.78,0,0,0,0,103374.11,1201269,47865,352488,0.73,683.53,0.25,0.21,0.14,0.13,4.91,0,1.22,0.01,0,93.85,2203673.33,4586613.87,3279834.13,41.69,89366.93,2477385.6,5489349.33,69.78,3035263.2,2275083.2,1503.73,2.1,0,107.03,0,50.12,0,1.3,0.07,2.1,0,2.1,0,0,214.06,0,0.68,1916.28,55484.07,1623.47,42249.27,0,2044.18,1366.67,7140.88,1698.08,0,0,0,0
AI API PII Masking,2G,500,1024,102400,10,AI Chat Completion,108852,0,0,180.59,2754.51,497,1471.95,455,6683,3983,4799,5151,5439,5631,6271,18132.54,422.21,97.65,2048,,,99.98,4067.5,,,99.84,4096,6210,0,4.93,1291,4.89,4.77,5.21,0.07,87.36,0,9.94,0.03,0,2.68,140552.8,491381.6,3394446.4,87.35,55406.13,494075.73,4472587.47,115.1,2946064.53,483084.27,5453.07,5.07,19.16,156.21,0,47.62,0,1.27,0.22,5.07,1.99,3.08,0,38.31,312.41,0,5.19,14171.69,28689.53,2570.67,24029.73,0,3185.31,3382.55,17373.36,17314.35,0,0,0,0,N/A,N/A,N/A,N/A,0.07,178.87,0.14,0.11,0.09,0.13,2.55,0,0.4,0.01,0,97.04,4495314.93,5867509.07,1998938.93,25.41,71806.13,1503083.47,5054202.13,64.25,1827108.8,1272390.13,164,1.71,0,9.7,0,5.61,0,0.91,0.04,1.71,0,1.71,0,0,19.4,0,0.28,757.4,49918.53,1510.4,36523.07,0,826.27,2016.83,259.31,16932.59,0,0,0,0,104854.06,319559,12606,373936,0.4,683.27,0.19,0.19,0.17,0.2,4.58,0,1.26,0.01,0,94.14,1831553.87,4207506.67,3658941.33,46.51,90218.93,2469418.4,5489773.6,69.79,3422809.6,2267983.2,610.4,1.76,0,34.43,0,19.52,0,1.05,0.06,1.76,0,1.76,0,0,68.86,0,0.68,1780.57,55594.73,1642.67,42349.27,0,2544.63,1152.61,16999.52,471.58,0,0,0,0
AI API PII Masking,2G,500,10240,10240,10,AI Chat Completion,221385,0,0,368.47,1353.47,498,1278.22,91,4879,2399,3455,3823,4079,4223,4479,3788.65,4177.99,98.35,2048,,,99.99,4084,,,99.92,4096,6258,0,12.4,1291.13,9.83,8.38,6.81,0,92.89,0,5.55,0.01,0,1.54,123293.07,523756.53,3362071.47,86.52,55889.33,543562.4,4495334.13,115.69,2942580.53,535156.27,6351.47,3.63,5.22,166.86,0,50.55,0,1.3,0.14,3.63,0.46,3.17,0,10.44,333.71,0,5.35,7953.52,29033.27,2165.33,23666.53,0,2019.26,2322.87,7240.64,6982.87,0,0,0,0,N/A,N/A,N/A,N/A,0.13,177.93,0.07,0.07,0.08,0.2,1.14,0,0.55,0.01,0,98.3,4859115.47,6232197.33,1634250.67,20.77,72230.13,1503600.53,5053708,64.24,1487476.8,1272963.2,162.13,1.78,0,9.77,0,5.45,0,0.91,0.04,1.78,0,1.78,0,0,19.53,0,0.28,1624.6,49934.4,1092.27,36106.07,0,993.64,1003.33,3457.84,3418.19,0,0,0,0,52547.61,729075,22562,348847,0.2,683.07,0.21,0.17,0.17,0.07,3.76,0,0.8,0.01,0,95.43,2217784.8,4625329.33,3241118.67,41.2,90937.33,2499832.8,5489260.53,69.78,2992234.67,2299006.93,1058.13,1.85,0,58.55,0,31.34,0,1.13,0.06,1.85,0,1.85,0,0,117.1,0,0.68,1017.45,55704.4,1608.53,42448.73,0,1317.44,999.65,3488.01,3834.86,0,0,0,0
AI API PII Masking,2G,500,10240,102400,10,AI Chat Completion,61794,0,0,102.19,4846.88,495,2398.05,863,9952,6911,8159,8639,9087,9343,9791,10260.74,1158.75,98.46,2048,,,99.98,4008,,,99.89,4096,6258,0,4.4,1285.53,3.89,5.01,6.15,0.13,89.86,0,6.72,0.07,0,3.34,139940.27,500286.4,3385541.6,87.13,57190.13,501777.6,4474093.33,115.14,2930548.8,493097.6,6150.13,6.63,34.47,174.37,0,52.07,0,1.3,0.29,6.63,3.47,3.15,0,68.94,348.75,0,5.07,9919.07,29318.6,2540.8,23975.53,0,1951.54,1987.66,10510.14,10437.59,0,0,0,0,N/A,N/A,N/A,N/A,0.27,178.73,0.08,0.06,0.06,0.13,1.32,0,0.27,0.01,0,98.4,4569071.47,5943131.47,1923316.53,24.45,72587.73,1504118.67,5053963.47,64.25,1752645.07,1273458.4,161.33,1.7,0,9.34,0,5.52,0,0.91,0.03,1.7,0,1.7,0,0,18.67,0,0.28,547.6,49951.07,1484.8,36509.93,0,555.13,1216.47,988.65,9422.32,0,0,0,0,58226.37,227726,2873,369777,0.13,682.93,0.15,0.15,0.15,0.2,3.19,0,0.77,0.01,0,96.02,1963057.07,4377089.33,3489358.67,44.36,91489.07,2505492.53,5489380.8,69.78,3242502.67,2305224.53,418.13,1.65,0,23.18,0,14.08,0,0.99,0.05,1.65,0,1.65,0,0,46.37,0,0.68,947.3,55820.07,1617.07,42554.67,0,1423.02,721.08,9423.66,1110.67,0,0,0,0
AI API Advanced Guardrails,2G,100,1024,10240,10,AI Chat Completion,410141,0,0,683.47,146.31,99,129.08,12,808,243,319,359,461,535,663,7027.55,1603.88,98.34,2048,,,99.99,4084,,,99.93,4096,6258,0,8.87,1288,6.75,5.97,5.68,0,87.84,0,9.43,0.01,0,2.72,124314.4,526213.87,3359614.13,86.46,57717.07,543118.93,4484590.13,115.41,2945890.4,535018.67,5189.6,3.64,4.9,157.09,0,45.29,0,1.27,0.14,3.64,0.46,3.19,0,9.8,314.18,0,4.79,13041.44,29615.6,1770.67,23232.93,0,2418.79,2934.88,7603.83,7148.14,0,0,0,0,N/A,N/A,N/A,N/A,0.4,178.47,0.07,0.07,0.06,0,2.09,0,0.69,0.01,0,97.22,4766119.47,6140845.6,1725602.4,21.94,72887.47,1504583.73,5053643.47,64.24,1577473.33,1273909.33,156.8,1.68,0,9.16,0,5.49,0,0.91,0.03,1.68,0,1.68,0,0,18.32,0,0.28,2325.33,49969.73,1100.8,36113.4,0,1197.52,1206.77,835.62,6130.85,0,0,0,0,92824.32,1073618,34183,349006,0.33,283.13,0.21,0.18,0.15,0.13,3.86,0,0.97,0.01,0,95.15,2254839.2,4722177.6,3144270.4,39.97,92015.47,2557760,5081310.13,64.59,2926569.07,2358001.6,1317.6,2.01,0,100.5,0,49.11,0,1.29,0.07,2.01,0,2.01,0,0,200.99,0,0.24,1678.9,55933.07,1254.4,42278.33,0,1727.66,1197.48,6271.57,1497.55,0,0,0,0
AI API Advanced Guardrails,2G,100,1024,102400,10,AI Chat Completion,72461,0,0,120.62,827.95,99,488.5,24,2082,1231,1479,1639,1791,1847,1951,12111.03,283.06,98.9,2048,,,99.99,4072,,,99.95,4096,6265,0,3.44,1285.56,3.5,4.1,4.92,0,86.67,0,7.63,0.1,0,5.6,138614,536583.25,3349244.75,86.19,58841.5,538064.5,4460564,114.79,2940892,531698.75,6866.5,8.39,45.04,269.84,0,54.37,0.01,1.32,0.37,8.39,4.59,3.8,0,90.08,539.68,0,5.04,10880.39,29919,1830,23298.62,0,2010.08,2127.7,11119.38,11099.03,0,0,0,0,N/A,N/A,N/A,N/A,0.13,178.2,0.05,0.05,0.03,0.13,1.6,0,0.18,0.01,0,98.22,4666186.13,6041535.2,1824912.8,23.2,73227.47,1504896.53,5052437.07,64.23,1666571.73,1274385.33,211.47,1.7,0,9.41,0,5.55,0,0.9,0.04,1.7,0,1.7,0,0,18.82,0,0.28,542.82,49981.4,1147.73,36159.8,0,508.61,1287.96,164.55,10811.97,0,0,0,0,61694.39,228319,2320,356855,0.27,283.4,0.14,0.15,0.16,0.07,2.7,0,0.8,0.01,0,96.49,2230798.13,4691052.27,3175395.73,40.37,92507.2,2550082.4,5080121.87,64.58,2953012.27,2350695.73,550.13,1.7,0,26.07,0,15.18,0,0.69,0.04,1.7,0,1.7,0,0,52.14,0,0.23,915.54,56041.8,1216,42379.73,0,1603.8,702.27,10877.84,299.91,0,0,0,0
AI API Advanced Guardrails,2G,100,10240,10240,10,AI Chat Completion,196746,0,0,327.96,304.55,99,273.99,18,2230,471,727,839,959,1063,1807,3372.21,3721.63,98.46,2048,,,99.99,4083,,,99.95,4096,6259,0,20.12,1255.44,18.28,14.62,9.88,0.25,93.34,0,4.48,0.01,0,2.16,133631,543793,3342035,86,59139,549931.25,4443151.5,114.34,2931934,543591.5,5399.75,3.67,5.76,158.86,0,46.59,0,1.27,0.14,3.67,0.52,3.15,0,11.51,317.71,0,4.77,5559.79,30246.25,1800,23264.94,0,1763.43,2039.52,6347.82,6120.68,0,0,0,0,N/A,N/A,N/A,N/A,0.12,178,0.03,0.03,0.01,0.12,1,0,0.37,0.01,0,98.63,4876814.75,6252768.25,1613679.75,20.51,73565.25,1505154.75,5048243.25,64.18,1457036.25,1274877.5,219.75,1.63,0,9.13,0,5.57,0,0.91,0.03,1.63,0,1.63,0,0,18.26,0,0.26,1187.6,50003,1152,36153,0,871.96,871.03,3032.68,2985.1,0,0,0,0,49702.94,538480,27792,349343,0.07,283.73,0.14,0.13,0.12,0.2,2.9,0,0.7,0.01,0,96.39,2353045.33,4846114.67,3020333.33,38.4,92920.53,2582050.13,5080679.47,64.59,2808120,2383071.47,1028,1.75,0,52.29,0,29.4,0,1.13,0.06,1.75,0,1.75,0,0,104.58,0,0.23,932.41,56156.4,1245.87,42486.67,0,1146.21,868.4,3036.77,3353.05,0,0,0,0
AI API Advanced Guardrails,2G,100,10240,102400,10,AI Chat Completion,59455,0,0,98.96,1008.93,99,594.66,29,2522,1503,1807,1983,2127,2191,2303,9935.66,1122.91,98.94,2048,,,99.99,4069,,,99.96,4096,6258,0,3.8,1288.27,4.16,6.66,9.23,0.07,90.68,0,6.69,0,0,2.63,143498.13,537866.67,3347961.33,86.16,60263.47,532975.2,4461113.87,114.81,2935206.93,527446.67,6735.47,3.13,1.47,137.85,0,41.23,0,1.23,0.1,3.13,0.08,3.04,0,2.93,275.7,0,4.66,10160.08,30549.6,1817.6,23244.73,0,1935.45,1966.3,10519.5,10491.13,0,0,0,0,N/A,N/A,N/A,N/A,0.07,178.47,0.04,0.04,0,0.2,1.26,0,0.23,0.01,0,98.5,4593021.33,5969748,1896700,24.11,73998.13,1505483.2,5053638.93,64.24,1740039.73,1275455.47,158.67,1.74,0,9.48,0,5.45,0,0.91,0.03,1.74,0,1.74,0,0,18.97,0,0.18,564.46,50014.07,1145.6,36163.87,0,538.67,1216.6,989.17,9432.54,0,0,0,0,53765.50,227518,2254,354453,0.27,284.33,0.13,0.1,0.09,0.07,2.51,0,0.7,0.01,0,96.78,2081046.93,4584761.6,3281686.4,41.72,93418.4,2591873.33,5080567.73,64.59,3057120.27,2393085.87,361.33,1.83,0,25.42,0,14.07,0,0.98,0.06,1.83,0,1.83,0,0,50.83,0,0.27,825.86,56257.13,1254.4,42583.47,0,1421.3,713.8,9469.32,1111.51,0,0,0,0
AI API Advanced Guardrails,2G,500,1024,10240,10,AI Chat Completion,397676,0,0,661.5,754.67,499,629.33,64,2883,1271,1703,1911,2111,2207,2543,6801.65,1552.32,97.81,2048,,,99.99,4084,,,99.89,4096,6258,0,6,1292,5.92,5.5,6.48,0.07,88.8,0.01,9.24,0.01,0,1.93,121808.53,507304.53,3378523.47,86.95,60805.33,522489.07,4480189.87,115.3,2955798.13,517109.6,7119.73,4,7.3,184.33,0,50.1,0,1.28,0.16,4,0.58,3.42,0,14.59,368.65,0,4.88,13776.33,36513.6,2167.47,28830.2,0,2469.49,3072.05,7774.67,7326.02,0,0,0,0,N/A,N/A,N/A,N/A,0.33,178.27,0.13,0.09,0.03,0.13,2.26,0,0.61,0.01,0,97.12,4694587.47,6072224.8,1794223.2,22.81,74492.27,1505894.13,5053937.87,64.25,1645621.87,1276097.87,156.27,1.7,0,9.4,0,5.52,0,0.9,0.04,1.7,0,1.7,0,0,18.81,0,0.28,2419.05,50039.6,1113.6,36106.4,0,1225.4,1233.74,855.07,6272.08,0,0,0,0,84099.27,1061664,31763,351374,0.53,683.13,0.16,0.16,0.12,0.13,4.59,0,1.12,0.01,0,94.27,1883942.4,4446013.07,3420434.93,43.48,93993.87,2648714.67,5489703.47,69.79,3184476,2450184.27,1947.2,2,0,102.66,0,50.96,0,1.33,0.07,2,0,2,0,0,205.33,0,0.68,1746.68,56374.6,1642.67,43089.93,0,1839.58,1230.02,6423.85,1532.95,0,0,0,0
AI API Advanced Guardrails,2G,500,1024,102400,10,AI Chat Completion,75445,0,0,124.97,3972.73,496,2099.54,687,8749,5759,6879,7327,7743,7935,8319,12547.42,293.26,98.31,2048,,,99.98,4027.5,,,99.89,4096,6258,0,4.53,1289.27,3.5,3.73,4.79,0.07,87.5,0,7.75,0.02,0,4.73,130167.73,490461.87,3395366.13,87.38,61666.93,496007.47,4489654.93,115.54,2941640.8,489084,8161.07,4.44,15.95,155.54,0,46.16,0,1.26,0.17,4.44,1.25,3.19,0,31.9,311.08,0,5.09,11226.97,38218.93,2551.47,30475.6,0,2190.08,2308.07,12047.63,11985.01,0,0,0,0,N/A,N/A,N/A,N/A,0.27,178.47,0.06,0.05,0.03,0.2,1.54,0,0.24,0.01,0,98.21,4517755.2,5896272.8,1970175.2,25.05,74936.53,1506189.33,5054150.4,64.25,1797385.07,1276680.27,158.4,1.67,0,9.13,0,5.45,0,0.91,0.03,1.67,0,1.67,0,0,18.26,0,0.28,575.71,50054.07,1482.67,36522.73,0,572.47,1399.86,179.83,11747.41,0,0,0,0,68288.39,235883,5081,377364,0.33,683.73,0.11,0.11,0.09,0.13,3.49,0,0.93,0.01,0,95.56,1963722.4,4518265.87,3348182.13,42.56,94553.07,2640523.47,5489654.13,69.79,3099186.67,2442559.2,432.53,1.7,0,27.7,0,16.35,0,1.01,0.06,1.7,0,1.7,0,0,55.41,0,0.68,1129.14,56484.4,1632,43183.07,0,1726.22,776.24,11776.25,326.77,0,0,0,0
AI API Advanced Guardrails,2G,500,10240,10240,10,AI Chat Completion,182798,0,0,304.15,1637.57,498,1568.69,105,5900,2911,4255,4703,4991,5151,5535,3127.32,3451.36,98.32,2048,,,99.99,4084,,,99.93,4096,6258,0,12.93,1291.67,11.24,9.31,7.01,0.07,93.72,0,4.74,0.01,0,1.53,121190.13,492202.4,3393625.6,87.33,61833.33,506707.73,4504262.13,115.91,2977512,501481.07,7069.33,3.6,5.31,136.13,0,40.84,0,1.23,0.13,3.6,0.45,3.15,0,10.61,272.26,0,5.53,6825.18,38566.87,2167.47,30133.07,0,1660.26,1911.8,5934.97,5722.86,0,0,0,0,N/A,N/A,N/A,N/A,0.4,178.93,0.04,0.04,0.01,0.13,0.87,0,0.38,0.01,0,98.74,4914165.87,6293513.07,1572934.93,20,75336,1506651.2,5054065.07,64.25,1427119.2,1277229.87,155.73,1.7,0,9.43,0,5.55,0,0.9,0.04,1.7,0,1.7,0,0,18.85,0,0.28,1351.92,50072.27,1102.93,36109.53,0,814.86,821.78,2835.77,2801.67,0,0,0,0,40090.11,599578,17798,344719,0.47,682.87,0.13,0.11,0.09,0.07,3.28,0,0.65,0.01,0,96.05,1985013.6,4572878.13,3293569.87,41.87,95066.4,2672889.6,5489489.33,69.78,3049397.33,2475388,913.07,1.84,0,51.53,0,27.59,0,1.11,0.07,1.84,0,1.84,0,0,103.07,0,0.68,863.43,56595.07,1625.6,43282.87,0,1087.1,823.89,2861.54,3146.91,0,0,0,0
AI API Advanced Guardrails,2G,500,10240,102400,10,AI Chat Completion,60515,0,0,100.14,4953.04,495,2415.04,821,10202,7007,8255,8831,9279,9471,9919,10054.46,1136.34,98.43,2048,,,99.98,3998,,,99.89,4096,6258,0,4.07,1285.53,4.03,5.38,6.62,0.07,90.51,0,6.43,0.04,0,3.01,133418.13,487588.8,3398239.2,87.45,62880.8,488597.07,4462658.13,114.84,2937813.33,482355.2,6341.87,5.66,21.62,161.16,0,41.87,0,0.99,0.19,5.66,2.23,3.43,0,43.24,322.31,0,5.09,9806.57,38855,2538.67,30445.87,0,1900.72,1935.94,10234.22,10163.36,0,0,0,0,N/A,N/A,N/A,N/A,0.27,178.47,0.07,0.05,0.01,0.07,1.31,0,0.24,0.01,0,98.43,4569842.13,5950106.13,1916341.87,24.36,75735.2,1506964.53,5054085.87,64.25,1750188.53,1277770.13,161.87,1.98,0.25,13.18,0,5.94,0,0.91,0.05,1.98,0.06,1.92,0,0.51,26.35,0,0.34,545.92,50282.53,1508.27,36699.2,0,537.7,1183.42,961.88,9166.76,0,0,0,0,55770.78,225435,2516,369192,0,684,0.22,0.18,0.12,0.2,3.23,0.02,0.79,0.01,0,95.94,1788763.47,4389127.73,3477320.27,44.2,95589.33,2684513.6,5489447.47,69.79,3230223.47,2487204.27,370.67,1.92,0.88,25.48,0,13.79,0,0.99,0.06,1.92,0.02,1.9,0,1.77,50.95,0,0.77,927.73,56726.67,1623.47,43393.33,0,1387.39,701.87,9171.92,1082,0,0,0,0
